message_id,message,league_commissioner_id
1,ac neque duis bibendum morbi non quam nec dui,1
2,pretium iaculis,1
3,nulla tellus in sagittis dui vel nisl duis ac,1
4,curae donec pharetra magna vestibulum,1
5,nunc rhoncus dui vel sem sed sagittis nam congue risus,1
6,id turpis integer aliquet massa id lobortis convallis,1
7,lobortis ligula,1
8,suscipit a feugiat et eros vestibulum,1
9,ultrices phasellus id,1
10,phasellus sit amet erat,1
11,morbi vel lectus in quam fringilla rhoncus mauris enim,1
12,cubilia curae duis faucibus accumsan odio curabitur convallis duis consequat,1
13,neque duis bibendum morbi,1
14,vehicula consequat morbi a ipsum,1
15,sed interdum venenatis turpis,1
